order_item_id,order_id,product_id,quantity
1,1,15,1
2,2,21,3
3,3,23,4
4,4,23,2
5,4,19,3
6,4,25,1
7,5,41,4
8,6,2,1
9,7,25,1
10,8,30,1
11,8,28,1
12,8,18,3
13,9,24,2
14,9,41,1
15,10,21,1
16,11,23,3
17,12,27,1
18,12,17,2
19,13,3,1
20,14,10,1
21,15,34,1
22,15,1,1
23,16,40,1
24,16,34,1
25,17,9,1
26,18,4,1
27,18,36,3
28,19,16,1
29,20,41,1
30,21,11,1
31,22,38,1
32,22,6,1
33,23,50,1
34,24,11,1
35,25,34,1
36,25,50,1
37,26,25,1
38,26,25,1
39,27,10,1
40,28,10,1
41,29,32,1
42,29,6,1
43,29,10,1
44,30,27,2
45,30,25,4
46,30,48,4
47,31,6,2
48,31,39,1
49,32,43,1
50,33,11,1
51,33,32,1
52,34,24,1
53,35,38,1
54,36,48,1
55,36,41,2
56,37,1,2
57,38,27,1
58,39,44,4
59,40,12,1
60,41,13,1
61,41,49,3
62,42,38,1
63,43,10,3
64,44,41,1
65,45,10,1
66,45,21,1
67,46,1,1
68,47,23,1
69,47,48,2
70,48,27,1
71,49,19,1
72,50,28,1
73,51,42,1
74,51,14,1
75,52,20,4
76,52,27,1
77,53,25,1
78,53,39,1
79,54,38,1
80,55,2,1
81,55,39,1
82,55,4,1
83,56,34,1
84,57,25,1
85,58,20,2
86,58,34,1
87,59,31,1
88,59,31,4
89,59,4,1
90,60,5,3
91,60,40,1
92,61,42,1
93,62,7,3
94,62,10,1
95,62,17,1
96,63,3,1
97,64,21,1
98,65,1,1
99,66,6,2
100,66,37,2
101,66,10,4
102,67,43,1
103,68,27,2
104,69,30,4
105,69,26,2
106,70,21,1
107,70,49,1
108,70,48,1
109,71,24,2
110,72,45,1
111,73,38,2
112,73,18,1
113,73,1,4
114,74,33,2
115,75,20,1
116,75,34,1
117,76,27,2
118,77,20,3
119,78,43,1
120,78,47,1
121,79,40,1
122,80,43,1
123,81,16,1
124,81,34,2
125,82,4,1
126,82,18,1
127,83,14,3
128,83,47,3
129,83,32,2
130,84,11,1
131,84,13,2
132,85,3,2
133,86,4,3
134,86,36,4
135,87,48,1
136,88,40,1
137,88,48,1
138,89,9,1
139,90,44,1
140,91,25,1
141,91,46,2
142,92,48,1
143,93,44,2
144,94,3,1
145,95,11,1
146,96,16,2
147,96,10,1
148,97,10,2
149,98,48,2
150,99,2,1
151,100,12,1
152,100,48,2
153,100,8,2
154,101,34,1
155,101,44,2
156,102,10,1
157,102,20,1
158,103,25,1
159,104,5,1
160,104,4,1
161,105,22,1
162,106,14,4
163,107,17,1
164,108,29,1
165,109,25,3
166,110,10,1
167,111,27,1
168,111,49,1
169,111,4,1
170,112,6,2
171,113,28,1
172,114,8,1
173,115,7,4
174,115,35,1
175,116,32,2
176,117,46,1
177,117,25,1
178,117,35,1
179,118,5,1
180,119,47,1
181,119,8,3
182,120,18,1
183,121,8,1
184,122,9,1
185,122,19,2
186,123,19,4
187,123,6,2
188,124,50,2
189,125,8,1
190,125,9,2
191,125,28,1
192,126,1,1
193,126,37,2
194,127,25,1
195,128,38,2
196,129,13,1
197,130,42,3
198,131,10,2
199,131,10,1
200,132,18,1
201,132,47,4
202,133,46,2
203,134,2,1
204,135,40,3
205,136,14,1
206,136,23,1
207,137,28,1
208,138,31,2
209,138,25,3
210,139,42,1
211,140,28,1
212,140,39,1
213,141,12,1
214,141,19,4
215,141,21,1
216,142,21,4
217,142,29,1
218,143,16,1
219,143,25,1
220,144,2,1
221,145,5,1
222,146,20,2
223,146,42,1
224,147,20,1
225,147,19,2
226,148,29,3
227,149,38,3
228,149,36,1
229,150,9,3
230,150,44,1
231,150,8,3
232,151,50,4
233,151,8,1
234,152,27,1
235,153,36,2
236,154,21,1
237,155,33,1
238,156,10,2
239,157,18,2
240,157,29,4
241,158,25,2
242,158,29,2
243,159,27,1
244,160,5,2
245,160,45,1
246,160,8,1
247,161,25,1
248,162,24,1
249,162,17,4
250,163,5,1
251,163,5,1
252,164,18,1
253,164,15,2
254,164,12,1
255,165,49,2
256,165,36,3
257,166,50,4
258,166,28,3
259,166,25,1
260,167,15,1
261,168,45,1
262,169,4,1
263,170,32,4
264,170,25,1
265,171,23,1
266,171,10,1
267,172,28,1
268,172,2,3
269,172,6,1
270,173,45,1
271,174,2,1
272,174,15,1
273,175,2,1
274,175,46,1
275,175,11,3
276,176,2,1
277,176,28,1
278,177,13,2
279,178,10,1
280,178,16,2
281,178,27,2
282,179,50,1
283,179,25,1
284,179,28,3
285,180,50,1
286,181,48,1
287,182,36,1
288,182,39,2
289,183,43,2
290,184,12,1
291,184,22,1
292,185,26,1
293,185,1,1
294,186,3,1
295,186,23,1
296,187,24,1
297,188,25,1
298,189,19,1
299,190,7,1
300,191,4,1
301,191,14,1
302,192,27,1
303,192,21,1
304,193,25,1
305,194,5,1
306,195,43,2
307,196,28,1
308,197,1,2
309,197,2,1
310,198,35,1
311,198,34,1
312,198,39,3
313,199,4,1
314,200,24,4
315,200,50,2
316,201,43,1
317,201,21,1
318,201,16,2
319,202,50,3
320,202,39,1
321,202,27,1
322,203,21,1
323,204,24,2
324,205,14,1
325,206,19,1
326,206,12,4
327,207,43,1
328,208,10,1
329,209,34,1
330,210,8,1
331,211,20,1
332,212,25,2
333,212,4,1
334,213,25,1
335,213,34,1
336,214,34,1
337,214,39,1
338,215,5,1
339,216,45,1
340,217,23,1
341,217,36,1
342,218,49,1
343,218,37,3
344,219,49,1
345,219,39,4
346,220,40,1
347,220,28,2
348,221,19,1
349,222,27,1
350,222,30,1
351,222,32,1
352,223,6,1
353,223,31,1
354,224,1,1
355,225,49,1
356,225,38,1
357,226,6,4
358,227,13,2
359,228,46,4
360,228,32,4
361,228,8,1
362,229,4,1
363,229,30,1
364,230,10,3
365,230,20,3
366,230,5,4
367,231,37,1
368,232,46,2
369,233,11,1
370,234,34,1
371,234,29,2
372,235,27,1
373,236,1,1
374,237,42,4
375,238,2,2
376,238,10,1
377,239,27,1
378,240,28,1
379,240,46,1
380,241,24,1
381,242,27,3
382,243,5,1
383,244,25,1
384,245,12,3
385,246,8,1
386,247,38,1
387,248,13,2
388,248,27,1
389,248,46,1
390,249,28,2
391,250,16,1
392,251,27,1
393,252,2,1
394,252,24,1
395,253,19,1
396,254,27,1
397,255,47,1
398,256,3,1
399,257,33,1
400,258,28,1
401,259,49,2
402,260,8,2
403,261,37,4
404,262,28,4
405,263,35,1
406,264,16,1
407,264,29,1
408,265,15,1
409,266,27,1
410,267,33,1
411,267,32,1
412,267,2,1
413,268,1,1
414,269,23,1
415,269,28,1
416,270,2,1
417,271,23,4
418,271,22,2
419,272,49,1
420,273,25,2
421,274,27,1
422,275,34,1
423,275,40,1
424,276,30,1
425,276,13,1
426,277,31,2
427,278,43,1
428,279,38,1
429,280,41,1
430,281,7,1
431,282,5,2
432,283,1,2
433,283,25,4
434,284,13,1
435,285,34,2
436,286,37,1
437,286,40,1
438,287,30,1
439,287,49,1
440,287,23,1
441,288,45,1
442,289,15,4
443,289,15,3
444,290,35,1
445,291,36,1
446,292,10,1
447,293,28,3
448,294,21,3
449,295,2,1
450,295,39,1
451,296,46,1
452,297,24,1
453,297,16,2
454,298,34,1
455,298,31,1
456,299,44,1
457,300,37,4
458,301,48,3
459,301,10,2
460,302,43,4
461,303,22,3
462,304,9,1
463,304,10,1
464,305,25,2
465,306,12,1
466,306,3,2
467,307,21,1
468,308,32,4
469,308,13,1
470,309,42,1
471,309,4,1
472,310,37,2
473,311,25,2
474,312,15,1
475,313,41,1
476,314,40,1
477,315,10,2
478,315,49,1
479,315,10,1
480,316,13,1
481,316,37,1
482,316,27,1
483,317,27,1
484,318,17,1
485,319,10,1
486,319,16,1
487,320,17,3
488,321,35,1
489,322,2,3
490,323,22,1
491,324,28,1
492,324,17,1
493,325,50,1
494,326,8,2
495,327,18,1
496,328,19,1
497,329,24,1
498,330,33,1
499,330,13,1
500,331,11,2
501,332,15,1
502,332,9,2
503,332,27,1
504,333,16,1
505,334,48,1
506,335,44,2
507,336,19,1
508,337,25,1
509,337,44,1
510,337,25,1
511,338,50,1
512,338,28,1
513,339,27,1
514,339,47,1
515,340,37,3
516,340,2,3
517,341,26,2
518,342,39,3
519,343,4,1
520,344,27,3
521,345,23,1
522,346,31,1
523,347,23,1
524,348,35,1
525,349,7,2
526,350,7,1
527,351,34,1
528,351,39,3
529,351,14,1
530,352,43,1
531,353,31,1
532,354,33,1
533,355,6,1
534,356,28,1
535,356,48,1
536,357,35,1
537,358,5,1
538,359,22,4
539,360,25,1
540,360,2,1
541,360,43,1
542,361,44,1
543,361,49,1
544,361,22,1
545,362,49,1
546,363,27,1
547,364,41,1
548,365,24,1
549,366,32,3
550,367,6,2
551,367,9,1
552,368,47,2
553,369,2,1
554,370,43,1
555,371,32,1
556,372,47,1
557,373,6,1
558,373,18,2
559,374,44,1
560,375,11,1
561,376,27,2
562,377,21,3
563,378,1,1
564,378,2,1
565,379,16,1
566,379,2,1
567,380,4,1
568,380,10,2
569,380,8,3
570,381,17,1
571,381,6,1
572,382,47,1
573,383,9,1
574,384,13,1
575,385,18,2
576,385,50,1
577,386,26,1
578,387,25,1
579,387,15,1
580,388,43,3
581,388,15,1
582,389,15,2
583,389,26,1
584,389,49,4
585,390,48,3
586,390,15,4
587,391,19,1
588,391,39,1
589,391,6,4
590,392,41,1
591,393,19,4
592,394,13,1
593,394,9,2
594,395,11,2
595,396,27,3
596,396,24,1
597,397,5,2
598,398,2,1
599,399,27,1
600,399,12,1
601,400,27,1
602,401,2,3
603,402,16,1
604,403,11,1
605,403,25,2
606,404,2,3
607,405,38,1
608,405,36,1
609,405,48,1
610,406,14,3
611,407,25,1
612,407,24,1
613,408,40,1
614,409,17,2
615,410,28,4
616,411,18,1
617,412,32,1
618,412,34,2
619,413,36,1
620,413,38,1
621,414,18,1
622,415,5,1
623,416,34,1
624,417,13,2
625,418,6,2
626,419,25,1
627,419,25,3
628,419,4,1
629,420,35,1
630,420,12,1
631,421,28,1
632,422,38,1
633,423,27,1
634,424,8,1
635,424,7,2
636,425,8,3
637,426,11,1
638,426,30,1
639,427,37,1
640,427,49,1
641,427,43,1
642,428,37,1
643,428,5,3
644,429,46,2
645,429,27,1
646,430,39,1
647,431,19,1
648,432,32,1
649,433,9,2
650,433,1,3
651,433,35,1
652,434,28,1
653,434,48,1
654,434,25,1
655,435,42,3
656,436,10,1
657,436,14,1
658,436,28,1
659,437,21,1
660,438,43,1
661,439,27,1
662,439,14,2
663,440,28,4
664,440,33,1
665,441,28,1
666,441,25,4
667,442,11,4
668,443,28,1
669,443,44,1
670,444,27,1
671,445,4,1
672,446,14,2
673,447,28,3
674,447,34,2
675,448,36,4
676,448,39,1
677,448,1,1
678,449,28,2
679,450,49,3
680,451,38,1
681,452,16,2
682,453,4,1
683,453,27,1
684,454,25,2
685,455,41,1
686,455,25,1
687,456,32,1
688,456,38,1
689,457,4,1
690,457,33,1
691,458,37,1
692,459,27,3
693,460,10,1
694,461,27,2
695,462,50,1
696,463,43,1
697,464,38,1
698,465,7,2
699,466,48,1
700,467,10,4
701,468,27,1
702,468,31,1
703,469,30,1
704,470,36,2
705,470,1,1
706,471,41,1
707,471,18,1
708,472,28,1
709,473,38,1
710,473,10,2
711,474,17,4
712,475,25,1
713,476,45,1
714,477,21,1
715,478,25,4
716,478,38,1
717,479,7,3
718,480,27,2
719,481,30,1
720,482,25,2
721,482,34,1
722,483,46,1
723,484,20,2
724,484,7,1
725,485,47,2
726,485,30,1
727,486,10,4
728,486,3,1
729,487,19,1
730,488,6,1
731,488,8,1
732,489,17,2
733,490,10,1
734,490,17,4
735,491,19,1
736,491,28,1
737,492,43,1
738,492,40,1
739,493,4,3
740,493,29,1
741,494,39,1
742,494,9,1
743,495,11,1
744,495,28,1
745,496,28,2
746,497,14,1
747,497,31,3
748,498,46,4
749,498,25,1
750,499,41,1
751,499,10,1
752,500,7,3
753,500,7,1
754,501,45,1
755,501,29,1
756,501,33,1
757,502,25,1
758,503,14,1
759,503,31,1
760,504,16,1
761,504,34,1
762,505,29,1
763,505,5,1
764,506,21,1
765,506,2,2
766,506,46,1
767,507,42,1
768,508,7,1
769,509,14,1
770,509,17,1
771,510,29,2
772,511,8,1
773,511,35,1
774,512,28,1
775,512,34,1
776,512,10,1
777,513,43,1
778,514,8,4
779,514,25,1
780,515,41,1
781,515,44,1
782,516,2,1
783,517,35,2
784,517,29,1
785,518,13,1
786,518,2,1
787,518,27,1
788,519,25,2
789,519,8,1
790,520,10,1
791,520,2,2
792,521,21,1
793,522,25,1
794,523,19,1
795,523,32,1
796,524,44,4
797,524,47,4
798,525,32,1
799,526,28,1
800,526,42,1
801,526,4,2
802,527,24,3
803,528,45,1
804,528,19,4
805,528,48,1
806,529,22,1
807,530,41,1
808,530,37,1
809,531,25,1
810,532,3,1
811,533,39,4
812,534,34,1
813,535,44,1
814,536,12,2
815,537,36,1
816,538,2,1
817,539,37,1
818,539,28,1
819,540,49,1
820,540,36,1
821,540,15,1
822,541,42,1
823,542,10,2
824,542,27,1
825,542,40,1
826,543,20,1
827,544,45,1
828,545,29,2
829,546,29,1
830,547,26,1
831,548,2,1
832,549,33,3
833,549,2,1
834,550,12,2
835,550,13,1
836,551,17,1
837,551,46,2
838,552,33,1
839,553,2,1
840,554,48,1
841,555,50,4
842,556,43,1
843,556,38,1
844,557,24,1
845,557,32,2
846,557,19,1
847,558,50,2
848,559,47,2
849,560,32,1
850,561,22,3
851,562,22,1
852,562,32,1
853,563,21,1
854,564,3,1
855,564,14,1
856,565,2,2
857,566,43,1
858,566,4,3
859,567,20,1
860,568,5,2
861,569,49,1
862,569,25,1
863,570,36,4
864,571,10,2
865,571,21,1
866,571,8,2
867,572,43,1
868,573,25,3
869,574,18,2
870,574,40,1
871,575,25,1
872,576,47,1
873,577,49,1
874,578,2,1
875,578,34,2
876,578,11,1
877,579,44,2
878,579,23,1
879,580,42,2
880,581,8,1
881,582,46,1
882,582,6,1
883,583,10,1
884,584,27,1
885,585,28,1
886,586,9,2
887,586,41,2
888,587,10,1
889,588,19,1
890,589,12,1
891,590,25,2
892,591,34,3
893,592,28,1
894,592,10,1
895,593,20,1
896,593,21,1
897,594,30,3
898,595,2,3
899,596,18,1
900,596,20,1
901,597,24,1
902,598,23,1
903,599,34,1
904,599,6,1
905,599,1,2
906,600,44,1
907,600,23,3
908,601,23,1
909,601,40,1
910,601,15,1
911,602,50,1
912,603,44,2
913,604,2,2
914,604,35,1
915,605,41,1
916,606,20,1
917,606,33,1
918,607,10,1
919,608,25,1
920,608,45,1
921,609,11,1
922,609,15,2
923,610,25,1
924,611,49,2
925,611,18,4
926,612,38,1
927,612,28,1
928,612,43,2
929,613,27,1
930,614,34,2
931,615,30,1
932,615,46,4
933,616,25,1
934,617,7,1
935,618,34,1
936,619,39,1
937,620,26,3
938,620,12,1
939,621,13,1
940,621,13,1
941,622,23,1
942,622,31,4
943,623,6,2
944,624,28,2
945,624,25,2
946,625,33,1
947,626,49,1
948,627,27,1
949,628,27,3
950,629,40,1
951,629,5,1
952,630,29,4
953,630,48,2
954,631,25,1
955,631,31,1
956,632,8,1
957,633,49,3
958,633,2,1
959,634,44,1
960,635,27,2
961,635,45,2
962,636,2,1
963,637,27,1
964,638,26,3
965,639,48,4
966,640,14,1
967,641,41,2
968,641,7,1
969,642,37,4
970,643,6,1
971,643,42,3
972,643,4,1
973,644,8,1
974,645,6,1
975,645,13,1
976,646,25,2
977,646,37,1
978,647,49,1
979,647,50,1
980,648,25,1
981,648,10,1
982,649,6,1
983,650,46,4
984,651,44,3
985,651,16,1
986,652,2,1
987,652,13,1
988,653,30,1
989,654,29,4
990,654,27,2
991,655,13,1
992,656,39,1
993,657,20,1
994,658,39,2
995,659,35,3
996,659,11,1
997,660,14,1
998,661,4,3
999,662,34,1
1000,663,13,1
1001,664,2,2
1002,665,21,1
1003,665,26,1
1004,666,22,1
1005,667,6,1
1006,667,27,1
1007,667,48,1
1008,668,14,1
1009,669,31,1
1010,670,14,1
1011,670,5,4
1012,671,37,2
1013,671,24,2
1014,672,49,1
1015,673,12,1
1016,674,25,1
1017,675,20,1
1018,675,25,1
1019,675,34,3
1020,676,17,3
1021,676,23,3
1022,677,16,2
1023,678,19,3
1024,678,3,1
1025,679,13,1
1026,680,10,1
1027,681,50,1
1028,681,27,1
1029,682,6,2
1030,682,27,1
1031,683,10,1
1032,684,31,1
1033,684,20,1
1034,685,41,1
1035,686,25,1
1036,687,27,1
1037,687,28,2
1038,688,40,1
1039,688,46,1
1040,689,14,1
1041,690,41,1
1042,691,27,1
1043,691,28,1
1044,692,14,3
1045,693,39,1
1046,693,43,1
1047,694,43,1
1048,695,25,1
1049,696,40,2
1050,697,10,1
1051,698,44,1
1052,699,28,3
1053,699,37,2
1054,699,41,1
1055,700,21,1
1056,700,6,1
1057,701,8,1
1058,701,32,1
1059,702,15,1
1060,703,25,1
1061,703,12,1
1062,704,25,2
1063,704,5,1
1064,705,22,1
1065,706,11,1
1066,706,6,1
1067,707,44,2
1068,707,18,1
1069,708,42,4
1070,709,16,4
1071,709,1,4
1072,710,11,2
1073,710,1,1
1074,711,10,1
1075,712,7,4
1076,712,25,1
1077,713,28,1
1078,714,49,3
1079,715,27,1
1080,716,44,2
1081,717,12,1
1082,718,21,3
1083,719,16,1
1084,720,2,2
1085,720,6,2
1086,721,47,1
1087,721,49,1
1088,722,2,1
1089,723,41,1
1090,723,27,3
1091,724,28,1
1092,725,4,2
1093,726,10,1
1094,727,25,2
1095,728,48,1
1096,728,42,3
1097,729,43,1
1098,730,25,1
1099,731,49,1
1100,732,10,4
1101,733,8,1
1102,734,8,2
1103,735,21,1
1104,735,1,1
1105,736,5,1
1106,737,9,1
1107,737,36,2
1108,738,10,2
1109,738,16,1
1110,739,37,1
1111,739,42,1
1112,740,37,1
1113,741,23,1
1114,741,17,1
1115,741,39,4
1116,742,11,1
1117,742,10,4
1118,743,47,1
1119,744,14,1
1120,745,6,1
1121,745,2,1
1122,746,27,2
1123,746,13,1
1124,747,27,1
1125,748,19,1
1126,749,7,1
1127,750,30,1
1128,751,1,1
1129,752,2,1
1130,752,49,4
1131,752,25,1
1132,753,2,1
1133,754,45,1
1134,755,18,2
1135,756,7,3
1136,757,13,1
1137,758,10,1
1138,758,26,3
1139,759,49,2
1140,760,2,1
1141,761,27,2
1142,762,25,2
1143,762,46,1
1144,763,10,1
1145,764,9,2
1146,764,50,1
1147,765,49,1
1148,765,6,1
1149,765,9,1
1150,766,10,1
1151,767,15,3
1152,768,16,1
1153,768,4,1
1154,769,16,2
1155,770,36,1
1156,771,23,1
1157,772,50,1
1158,772,19,1
1159,772,16,1
1160,773,10,2
1161,773,44,1
1162,773,50,1
1163,774,40,1
1164,775,29,1
1165,775,22,1
1166,776,2,1
1167,776,20,2
1168,777,43,1
1169,778,27,3
1170,779,17,1
1171,779,16,1
1172,780,45,1
1173,781,10,1
1174,782,43,1
1175,783,28,4
1176,784,37,1
1177,785,9,1
1178,785,43,4
1179,786,27,1
1180,787,14,1
1181,788,4,2
1182,789,28,1
1183,790,15,1
1184,790,21,1
1185,790,23,1
1186,791,13,3
1187,791,12,2
1188,791,8,1
1189,792,1,1
1190,793,12,1
1191,793,10,4
1192,794,27,1
1193,794,49,1
1194,795,3,4
1195,796,8,1
1196,796,28,1
1197,796,27,1
1198,797,10,1
1199,797,34,1
1200,798,49,1
1201,799,35,1
1202,800,13,2
1203,801,24,1
1204,802,15,2
1205,803,9,1
1206,803,4,1
1207,804,4,2
1208,804,31,1
1209,805,28,3
1210,806,50,2
1211,806,31,1
1212,806,39,3
1213,807,12,1
1214,807,36,2
1215,808,5,1
1216,809,19,1
1217,810,27,1
1218,811,28,1
1219,811,44,1
1220,812,39,1
1221,812,27,1
1222,813,44,3
1223,814,1,1
1224,815,23,1
1225,816,32,1
1226,817,34,2
1227,817,27,1
1228,818,4,1
1229,818,11,1
1230,819,46,3
1231,819,46,1
1232,820,28,1
1233,820,45,1
1234,821,2,3
1235,822,24,1
1236,822,38,1
1237,823,2,1
1238,823,21,1
1239,823,6,1
1240,824,25,4
1241,824,48,4
1242,825,23,1
1243,825,25,4
1244,825,2,1
1245,826,2,4
1246,827,20,1
1247,827,25,1
1248,828,9,1
1249,829,9,1
1250,829,11,1
1251,830,16,4
1252,831,4,1
1253,832,5,1
1254,833,41,1
1255,833,20,2
1256,834,26,1
1257,835,23,1
1258,836,18,1
1259,836,7,2
1260,837,41,2
1261,837,16,1
1262,838,33,1
1263,839,27,1
1264,840,50,1
1265,841,23,3
1266,842,27,1
1267,843,11,2
1268,843,25,1
1269,844,39,1
1270,844,27,3
1271,845,37,1
1272,846,42,1
1273,846,12,1
1274,846,44,1
1275,847,44,1
1276,848,36,3
1277,849,38,4
1278,850,2,1
1279,851,2,1
1280,851,8,1
1281,851,5,1
1282,852,40,2
1283,852,39,4
1284,853,44,1
1285,853,16,1
1286,854,14,1
1287,855,2,3
1288,856,10,3
1289,857,50,1
1290,858,35,2
1291,858,9,1
1292,859,38,1
1293,859,25,1
1294,860,49,2
1295,861,3,4
1296,861,42,1
1297,862,4,1
1298,862,27,3
1299,863,2,1
1300,864,24,4
1301,865,44,2
1302,866,21,1
1303,867,39,1
1304,867,32,4
1305,868,28,1
1306,868,10,2
1307,869,20,2
1308,870,4,1
1309,870,48,1
1310,871,29,1
1311,871,3,1
1312,872,2,2
1313,872,8,1
1314,873,2,1
1315,874,6,3
1316,875,14,4
1317,876,46,1
1318,877,25,1
1319,878,25,1
1320,878,8,3
1321,879,27,2
1322,879,2,1
1323,880,22,1
1324,881,40,1
1325,881,15,1
1326,882,21,2
1327,883,27,2
1328,884,30,1
1329,885,30,1
1330,886,47,4
1331,886,45,1
1332,887,46,1
1333,888,18,1
1334,889,34,1
1335,890,30,3
1336,891,38,1
1337,891,26,1
1338,892,49,2
1339,893,47,2
1340,893,14,1
1341,894,28,1
1342,895,33,1
1343,895,31,2
1344,896,44,2
1345,897,20,1
1346,898,28,4
1347,898,2,1
1348,899,48,1
1349,900,30,1
1350,901,2,2
1351,902,31,1
1352,902,39,1
1353,902,27,1
1354,903,28,1
1355,903,10,1
1356,904,48,2
1357,905,27,1
1358,906,1,4
1359,907,21,1
1360,907,30,1
1361,908,20,1
1362,909,17,2
1363,910,28,1
1364,910,10,1
1365,911,25,1
1366,911,2,1
1367,912,50,1
1368,913,34,1
1369,914,28,1
1370,915,14,1
1371,916,10,1
1372,916,37,3
1373,916,46,4
1374,917,34,4
1375,917,34,3
1376,917,17,2
1377,918,4,1
1378,919,10,1
1379,920,43,1
1380,920,25,2
1381,921,29,1
1382,921,15,1
1383,922,21,1
1384,922,9,1
1385,923,12,1
1386,924,10,1
1387,925,38,1
1388,925,28,2
1389,926,28,1
1390,926,40,1
1391,927,34,1
1392,927,12,1
1393,928,48,1
1394,929,41,1
1395,930,39,1
1396,930,43,1
1397,931,10,1
1398,931,2,1
1399,931,48,4
1400,932,35,1
1401,933,45,1
1402,933,23,1
1403,934,21,1
1404,934,42,2
1405,935,36,1
1406,935,34,1
1407,935,31,1
1408,936,3,1
1409,936,25,4
1410,936,21,1
1411,937,27,1
1412,937,46,1
1413,938,28,1
1414,939,38,3
1415,940,34,1
1416,940,22,1
1417,940,45,1
1418,941,32,1
1419,941,42,1
1420,942,31,1
1421,943,10,1
1422,943,2,2
1423,944,44,1
1424,944,15,1
1425,945,2,1
1426,946,34,1
1427,946,7,1
1428,947,43,1
1429,948,17,1
1430,949,21,3
1431,950,42,1
1432,951,48,2
1433,952,26,4
1434,952,2,1
1435,953,39,1
1436,953,18,1
1437,954,42,1
1438,955,9,1
1439,956,2,1
1440,956,2,1
1441,957,28,4
1442,957,8,1
1443,958,27,1
1444,959,50,1
1445,959,21,1
1446,960,4,1
1447,961,10,1
1448,962,16,1
1449,963,38,1
1450,964,14,2
1451,965,6,2
1452,965,29,1
1453,966,44,1
1454,967,6,2
1455,968,16,2
1456,968,28,1
1457,969,27,1
1458,969,31,1
1459,970,38,1
1460,971,33,1
1461,971,6,1
1462,971,2,2
1463,972,49,4
1464,972,10,1
1465,973,34,2
1466,974,8,1
1467,975,31,1
1468,976,34,4
1469,977,13,1
1470,978,34,1
1471,979,46,1
1472,980,27,1
1473,981,10,1
1474,982,27,1
1475,982,41,1
1476,983,23,1
1477,984,46,1
1478,985,15,1
1479,986,40,1
1480,986,45,2
1481,987,28,1
1482,987,46,1
1483,988,28,2
1484,988,41,2
1485,989,35,1
1486,989,47,1
1487,990,33,1
1488,990,24,3
1489,990,3,2
1490,991,41,1
1491,991,27,3
1492,992,40,1
1493,993,28,1
1494,994,27,1
1495,995,29,1
1496,995,12,4
1497,996,39,1
1498,997,28,2
1499,997,27,1
1500,997,30,1
1501,998,36,1
1502,999,21,1
1503,1000,14,2
1504,1001,2,1
1505,1002,14,1
1506,1002,46,1
1507,1002,16,1
1508,1003,26,3
1509,1004,39,4
1510,1005,22,1
1511,1006,26,1
1512,1007,25,1
1513,1007,19,3
1514,1008,33,1
1515,1008,27,1
1516,1009,38,1
1517,1009,10,1
1518,1010,27,1
1519,1011,25,1
1520,1011,38,2
1521,1011,34,3
1522,1012,27,1
1523,1013,44,1
1524,1013,27,1
1525,1013,48,1
1526,1014,28,1
1527,1015,14,1
1528,1016,45,1
1529,1017,23,1
1530,1017,29,1
1531,1017,30,1
1532,1018,3,3
1533,1019,24,2
1534,1020,25,2
1535,1021,37,3
1536,1021,44,2
1537,1022,31,1
1538,1023,25,1
1539,1024,16,4
1540,1025,34,1
1541,1025,25,1
1542,1026,2,3
1543,1026,28,1
1544,1027,7,1
1545,1028,2,1
1546,1028,11,1
1547,1029,20,4
1548,1029,10,1
1549,1030,20,4
1550,1031,28,1
1551,1032,40,1
1552,1032,37,1
1553,1033,12,1
1554,1034,50,1
1555,1034,28,1
1556,1035,26,1
1557,1036,20,1
1558,1036,15,1
1559,1036,19,1
1560,1037,16,2
1561,1037,5,2
1562,1037,5,2
1563,1038,37,1
1564,1039,29,1
1565,1040,33,1
1566,1041,23,2
1567,1042,34,1
1568,1042,39,1
1569,1043,49,1
1570,1044,33,2
1571,1044,34,1
1572,1044,48,1
1573,1045,27,1
1574,1046,43,1
1575,1046,16,1
1576,1047,19,1
1577,1048,28,1
1578,1048,19,4
1579,1048,45,1
1580,1049,27,1
1581,1049,13,1
1582,1050,42,2
1583,1050,20,1
1584,1051,16,1
1585,1052,7,1
1586,1053,13,1
1587,1053,25,1
1588,1053,28,1
1589,1054,35,1
1590,1055,6,2
1591,1055,24,1
1592,1056,25,3
1593,1057,22,2
1594,1057,3,1
1595,1058,29,1
1596,1058,3,3
1597,1059,29,1
1598,1059,27,3
1599,1060,5,1
1600,1061,49,1
1601,1062,27,1
1602,1062,18,1
1603,1063,7,1
1604,1063,41,3
1605,1063,6,1
1606,1064,30,1
1607,1065,2,2
1608,1065,28,1
1609,1066,6,3
1610,1067,20,1
1611,1068,31,1
1612,1069,25,1
1613,1069,10,1
1614,1070,7,4
1615,1071,12,1
1616,1071,17,4
1617,1072,34,1
1618,1072,20,1
1619,1072,27,2
1620,1073,27,2
1621,1074,11,1
1622,1075,18,1
1623,1076,44,1
1624,1077,24,1
1625,1077,22,1
1626,1078,29,1
1627,1079,29,1
1628,1080,27,1
1629,1081,28,2
1630,1082,28,1
1631,1083,44,1
1632,1084,28,1
1633,1084,40,1
1634,1085,30,1
1635,1086,29,4
1636,1087,33,1
1637,1087,9,3
1638,1088,5,1
1639,1088,34,1
1640,1089,35,4
1641,1089,50,1
1642,1089,3,3
1643,1090,28,1
1644,1091,3,1
1645,1091,21,3
1646,1092,31,1
1647,1093,1,1
1648,1094,3,2
1649,1095,50,3
1650,1095,11,1
1651,1096,20,1
1652,1097,47,2
1653,1097,30,2
1654,1098,14,2
1655,1098,28,1
1656,1099,46,1
1657,1100,50,2
1658,1101,10,1
1659,1102,28,3
1660,1103,18,1
1661,1103,19,1
1662,1104,37,2
1663,1105,15,1
1664,1106,7,1
1665,1106,39,1
1666,1107,25,1
1667,1108,49,1
1668,1108,45,2
1669,1109,11,1
1670,1110,2,1
1671,1110,2,1
1672,1111,20,2
1673,1111,50,1
1674,1112,9,3
1675,1113,38,1
1676,1114,8,1
1677,1114,9,1
1678,1115,10,1
1679,1116,7,1
1680,1116,27,1
1681,1116,25,1
1682,1117,16,1
1683,1118,25,1
1684,1119,38,1
1685,1120,18,4
1686,1121,25,2
1687,1122,20,3
1688,1123,18,2
1689,1124,15,2
1690,1124,42,1
1691,1124,34,1
1692,1125,20,1
1693,1126,19,1
1694,1126,34,1
1695,1126,15,2
1696,1127,8,1
1697,1127,5,1
1698,1127,30,1
1699,1128,40,1
1700,1128,20,2
1701,1129,4,1
1702,1130,15,1
1703,1130,29,2
1704,1130,31,1
1705,1131,1,4
1706,1131,32,2
1707,1132,39,1
1708,1133,3,1
1709,1134,3,2
1710,1135,12,1
1711,1136,25,1
1712,1136,27,1
1713,1137,30,1
1714,1137,1,1
1715,1138,1,1
1716,1139,17,1
1717,1140,35,2
1718,1141,49,1
1719,1141,20,1
1720,1142,5,2
1721,1143,35,2
1722,1144,2,3
1723,1145,23,1
1724,1145,41,1
1725,1146,4,2
1726,1147,32,1
1727,1148,37,1
1728,1149,6,1
1729,1149,7,1
1730,1150,23,1
1731,1151,17,1
1732,1152,16,4
1733,1153,11,2
1734,1153,32,4
1735,1154,31,1
1736,1155,9,1
1737,1156,14,1
1738,1157,12,1
1739,1157,35,1
1740,1158,19,1
1741,1159,28,1
1742,1159,46,1
1743,1160,37,2
1744,1161,12,1
1745,1162,49,1
1746,1162,32,1
1747,1163,47,2
1748,1164,10,1
1749,1165,4,1
1750,1165,46,1
1751,1166,41,1
1752,1167,29,1
1753,1167,29,2
1754,1168,49,1
1755,1169,2,1
1756,1170,27,2
1757,1170,33,1
1758,1171,43,3
1759,1172,31,1
1760,1172,33,2
1761,1173,1,1
1762,1173,12,4
1763,1174,11,1
1764,1174,26,1
1765,1175,28,2
1766,1176,6,1
1767,1177,4,1
1768,1178,37,2
1769,1178,9,1
1770,1178,27,1
1771,1179,4,1
1772,1179,10,1
1773,1180,19,2
1774,1180,35,1
1775,1181,25,3
1776,1182,46,1
1777,1183,41,1
1778,1184,27,1
1779,1184,2,1
1780,1185,32,1
1781,1185,27,2
1782,1186,7,1
1783,1186,15,1
1784,1187,49,1
1785,1188,5,4
1786,1189,13,1
1787,1190,31,1
1788,1190,42,1
1789,1191,10,1
1790,1191,2,1
1791,1192,35,1
1792,1192,36,1
1793,1193,44,1
1794,1193,33,1
1795,1193,25,1
1796,1194,14,1
1797,1194,49,3
1798,1195,28,2
1799,1195,25,3
1800,1196,17,4
1801,1197,8,1
1802,1198,22,4
1803,1199,32,1
1804,1200,47,1
1805,1201,33,1
1806,1201,25,4
1807,1201,37,1
1808,1202,47,2
1809,1203,18,2
1810,1203,28,1
1811,1204,27,1
1812,1205,4,1
1813,1205,43,1
1814,1206,29,1
1815,1206,36,1
1816,1207,20,1
1817,1207,22,2
1818,1207,24,1
1819,1208,13,1
1820,1209,15,2
1821,1210,2,1
1822,1211,2,1
1823,1211,23,1
1824,1211,40,1
1825,1212,47,1
1826,1213,2,1
1827,1214,31,4
1828,1214,7,3
1829,1214,40,1
1830,1215,4,2
1831,1216,31,2
1832,1217,3,2
1833,1218,14,1
1834,1218,8,3
1835,1219,46,2
1836,1220,10,2
1837,1221,45,3
1838,1222,31,1
1839,1223,11,1
1840,1224,25,1
1841,1224,19,1
1842,1225,48,2
1843,1225,30,2
1844,1226,28,4
1845,1226,11,1
1846,1227,49,1
1847,1228,29,2
1848,1228,16,3
1849,1229,6,1
1850,1230,28,4
1851,1231,5,2
1852,1231,19,4
1853,1231,44,1
1854,1232,40,1
1855,1233,47,1
1856,1234,24,1
1857,1235,26,1
1858,1235,28,1
1859,1235,25,3
1860,1236,44,1
1861,1237,10,3
1862,1237,38,2
1863,1237,40,2
1864,1238,28,1
1865,1239,9,1
1866,1240,40,1
1867,1240,27,1
1868,1241,31,1
1869,1242,30,1
1870,1243,23,1
1871,1243,2,2
1872,1244,3,1
1873,1244,34,1
1874,1245,9,2
1875,1245,27,1
1876,1245,34,2
1877,1246,9,1
1878,1246,49,1
1879,1247,4,1
1880,1248,28,1
1881,1248,10,1
1882,1249,25,1
1883,1249,28,1
1884,1250,48,1
1885,1251,40,1
1886,1251,2,1
1887,1252,46,2
1888,1252,45,3
1889,1253,12,1
1890,1254,28,1
1891,1255,2,1
1892,1256,12,2
1893,1257,14,2
1894,1258,2,1
1895,1258,25,2
1896,1259,28,1
1897,1260,2,1
1898,1261,29,4
1899,1261,41,1
1900,1262,46,2
1901,1263,2,2
1902,1263,22,3
1903,1264,26,2
1904,1265,5,1
1905,1266,10,1
1906,1266,41,3
1907,1267,15,2
1908,1268,35,2
1909,1268,1,1
1910,1269,27,1
1911,1270,48,1
1912,1271,10,2
1913,1271,28,1
1914,1272,3,4
1915,1273,10,4
1916,1273,29,1
1917,1273,45,1
1918,1274,46,1
1919,1274,2,1
1920,1275,8,1
1921,1275,26,1
1922,1276,42,1
1923,1277,21,2
1924,1278,43,1
1925,1278,34,2
1926,1279,25,2
1927,1280,11,1
1928,1281,21,1
1929,1282,50,1
1930,1283,36,1
1931,1283,10,1
1932,1283,32,1
1933,1284,4,2
1934,1285,43,3
1935,1285,10,1
1936,1286,40,1
1937,1286,48,1
1938,1286,7,4
1939,1287,34,1
1940,1287,28,1
1941,1288,4,2
1942,1289,25,2
1943,1290,17,2
1944,1290,24,1
1945,1291,17,4
1946,1292,9,1
1947,1292,12,1
1948,1292,11,1
1949,1293,31,1
1950,1294,29,1
1951,1295,2,1
1952,1296,6,4
1953,1296,37,1
1954,1297,25,1
1955,1298,9,1
1956,1299,10,1
1957,1300,20,1
1958,1300,49,1
1959,1301,39,1
1960,1301,2,4
1961,1301,10,3
1962,1302,25,1
1963,1302,35,2
1964,1303,36,1
1965,1303,10,2
1966,1303,20,1
1967,1304,8,4
1968,1305,3,1
1969,1306,23,1
1970,1306,32,1
1971,1307,39,1
1972,1307,9,3
1973,1307,39,1
1974,1308,25,1
1975,1309,41,3
1976,1309,2,2
1977,1309,27,1
1978,1310,28,1
1979,1311,41,1
1980,1312,10,2
1981,1312,28,1
1982,1312,21,3
1983,1313,10,2
1984,1313,22,1
1985,1314,20,1
1986,1315,45,1
1987,1316,1,1
1988,1316,9,3
1989,1317,41,1
1990,1317,22,1
1991,1318,25,3
1992,1319,49,1
1993,1319,21,1
1994,1320,21,1
1995,1321,35,1
1996,1322,46,2
1997,1323,10,1
1998,1323,4,1
1999,1324,38,3
2000,1324,27,1
2001,1324,8,1
2002,1325,6,1
2003,1325,42,2
2004,1326,25,1
2005,1326,49,1
2006,1326,40,1
2007,1327,23,1
2008,1327,37,1
2009,1328,5,3
2010,1328,47,1
2011,1329,13,1
2012,1330,28,1
2013,1331,22,1
2014,1332,39,2
2015,1333,50,1
2016,1334,33,1
2017,1334,10,1
2018,1335,27,1
2019,1335,2,3
2020,1335,36,1
2021,1336,28,1
2022,1336,2,1
2023,1336,39,1
2024,1337,20,1
2025,1338,28,1
2026,1339,50,1
2027,1339,28,2
2028,1340,36,2
2029,1341,11,1
2030,1341,25,2
2031,1342,25,1
2032,1342,26,1
2033,1343,13,1
2034,1343,36,1
2035,1343,28,1
2036,1344,27,1
2037,1344,15,2
2038,1345,37,1
2039,1346,20,3
2040,1347,17,1
2041,1348,6,2
2042,1349,3,1
2043,1350,27,1
2044,1351,28,1
2045,1352,25,3
2046,1353,27,3
2047,1353,10,1
2048,1354,50,2
2049,1354,50,1
2050,1354,7,1
2051,1355,34,1
2052,1356,28,1
2053,1357,28,1
2054,1358,31,1
2055,1359,50,1
2056,1359,28,1
2057,1359,31,1
2058,1360,46,1
2059,1360,25,1
2060,1361,2,1
2061,1361,50,1
2062,1362,25,3
2063,1362,38,1
2064,1363,30,1
2065,1364,41,1
2066,1364,25,2
2067,1365,36,1
2068,1366,1,1
2069,1367,36,2
2070,1368,47,1
2071,1369,26,1
2072,1370,1,1
2073,1371,38,1
2074,1371,11,1
2075,1372,5,2
2076,1373,2,2
2077,1374,35,1
2078,1375,6,4
2079,1375,34,2
2080,1376,33,1
2081,1376,42,2
2082,1376,48,1
2083,1377,10,1
2084,1378,2,2
2085,1379,44,1
2086,1380,27,1
2087,1380,31,1
2088,1381,25,2
2089,1381,11,1
2090,1382,35,1
2091,1382,50,1
2092,1383,33,4
2093,1384,4,1
2094,1384,39,2
2095,1384,19,4
2096,1385,8,1
2097,1386,27,1
2098,1387,27,1
2099,1387,2,1
2100,1388,16,2
2101,1389,29,1
2102,1389,21,1
2103,1390,24,2
2104,1391,12,2
2105,1392,22,1
2106,1393,23,1
2107,1394,28,3
2108,1395,34,1
2109,1395,33,1
2110,1396,40,1
2111,1396,4,1
2112,1397,26,1
2113,1398,39,2
2114,1398,43,1
2115,1399,48,3
2116,1399,47,2
2117,1400,37,1
2118,1400,37,2
2119,1401,38,1
2120,1402,45,1
2121,1403,48,3
2122,1404,7,2
2123,1404,46,1
2124,1405,5,3
2125,1405,38,1
2126,1405,27,1
2127,1406,15,1
2128,1406,25,1
2129,1407,3,1
2130,1408,18,1
2131,1409,34,1
2132,1410,20,1
2133,1410,2,1
2134,1411,39,1
2135,1411,20,1
2136,1412,22,1
2137,1413,26,1
2138,1414,27,1
2139,1414,13,1
2140,1415,36,2
2141,1416,35,2
2142,1417,2,1
2143,1417,41,1
2144,1418,37,1
2145,1419,13,1
2146,1419,14,3
2147,1419,14,3
2148,1420,42,1
2149,1420,49,1
2150,1421,26,1
2151,1422,27,1
2152,1423,39,1
2153,1424,5,2
2154,1425,24,3
2155,1425,21,1
2156,1426,45,1
2157,1426,39,1
2158,1427,24,1
2159,1427,9,1
2160,1428,42,4
2161,1428,27,1
2162,1429,30,1
2163,1429,16,2
2164,1429,37,1
2165,1430,41,3
2166,1431,2,1
2167,1432,42,1
2168,1433,15,2
2169,1434,22,3
2170,1434,29,1
2171,1435,26,2
2172,1435,39,3
2173,1436,13,1
2174,1437,1,1
2175,1438,23,1
2176,1439,24,2
2177,1439,10,1
2178,1439,38,1
2179,1440,11,1
2180,1441,48,1
2181,1441,25,1
2182,1442,30,2
2183,1443,19,1
2184,1444,25,4
2185,1444,44,2
2186,1445,30,1
2187,1446,6,1
2188,1446,9,1
2189,1447,2,1
2190,1448,7,1
2191,1449,23,1
2192,1450,15,1
2193,1451,43,1
2194,1452,14,1
2195,1452,40,2
2196,1453,20,1
2197,1453,27,1
2198,1454,16,4
2199,1455,46,2
2200,1456,14,1
2201,1456,9,2
2202,1457,48,1
2203,1458,28,1
2204,1459,12,1
2205,1460,16,4
2206,1460,24,2
2207,1460,25,2
2208,1461,42,1
2209,1462,3,2
2210,1462,24,2
2211,1463,24,1
2212,1464,2,1
2213,1465,37,1
2214,1466,1,1
2215,1467,35,1
2216,1468,39,2
2217,1468,40,2
2218,1469,36,1
2219,1470,24,1
2220,1470,48,1
2221,1471,2,1
2222,1471,45,1
2223,1471,32,1
2224,1472,22,1
2225,1473,21,2
2226,1473,38,1
2227,1474,1,1
2228,1474,12,1
2229,1475,11,1
2230,1476,46,4
2231,1477,22,1
2232,1477,9,3
2233,1477,23,4
2234,1478,16,2
2235,1478,41,1
2236,1479,10,1
2237,1479,49,1
2238,1480,19,2
2239,1481,23,2
2240,1481,23,3
2241,1481,19,1
2242,1482,9,1
2243,1483,34,1
2244,1484,47,1
2245,1484,10,1
2246,1484,38,3
2247,1485,27,4
2248,1485,21,1
2249,1486,17,1
2250,1486,29,1
2251,1487,27,4
2252,1487,19,2
2253,1487,34,4
2254,1488,9,3
2255,1489,4,4
2256,1490,7,1
2257,1491,44,1
2258,1492,27,1
2259,1493,34,4
2260,1494,11,4
2261,1494,8,2
2262,1495,7,1
2263,1496,44,1
2264,1496,25,1
2265,1497,41,2
2266,1497,7,4
2267,1498,29,1
2268,1498,41,1
2269,1498,10,1
2270,1499,11,1
2271,1499,12,1
2272,1500,32,2
2273,1501,12,1
2274,1501,50,1
2275,1502,7,3
2276,1503,2,1
2277,1503,35,1
2278,1504,10,1
2279,1505,28,2
2280,1506,29,1
2281,1507,49,1
2282,1508,19,1
2283,1509,2,1
2284,1509,43,1
2285,1510,14,1
2286,1510,8,1
2287,1511,7,2
2288,1512,38,2
2289,1513,19,4
2290,1514,41,1
2291,1515,33,1
2292,1515,50,1
2293,1515,15,1
2294,1516,25,2
2295,1517,42,1
2296,1517,11,1
2297,1518,36,1
2298,1518,25,2
2299,1518,28,2
2300,1519,3,2
2301,1520,46,1
2302,1520,9,1
2303,1521,19,1
2304,1521,41,1
2305,1522,10,2
2306,1522,10,1
2307,1522,18,3
2308,1523,25,1
2309,1524,35,1
2310,1525,24,1
2311,1526,27,2
2312,1527,2,1
2313,1528,2,1
2314,1528,9,1
2315,1529,20,1
2316,1529,21,1
2317,1530,28,1
2318,1530,44,3
2319,1531,49,1
2320,1532,49,1
2321,1533,41,1
2322,1534,13,1
2323,1534,42,1
2324,1535,33,1
2325,1535,28,2
2326,1536,17,2
2327,1536,41,1
2328,1537,47,1
2329,1538,44,1
2330,1539,28,2
2331,1539,28,1
2332,1540,10,1
2333,1541,37,1
2334,1541,29,1
2335,1541,8,4
2336,1542,10,1
2337,1542,49,3
2338,1543,38,1
2339,1544,29,2
2340,1544,2,1
2341,1545,7,4
2342,1545,10,3
2343,1546,8,4
2344,1547,43,1
2345,1547,38,1
2346,1548,3,2
2347,1549,4,1
2348,1550,14,2
2349,1550,10,1
2350,1551,5,1
2351,1552,15,2
2352,1553,2,3
2353,1553,7,3
2354,1554,10,2
2355,1555,43,1
2356,1556,42,1
2357,1556,26,1
2358,1557,33,4
2359,1557,32,1
2360,1558,22,2
2361,1559,20,2
2362,1560,2,4
2363,1561,16,1
2364,1561,21,2
2365,1562,26,1
2366,1563,25,1
2367,1564,2,1
2368,1564,28,4
2369,1564,27,1
2370,1565,21,1
2371,1566,21,1
2372,1567,24,2
2373,1568,25,1
2374,1569,25,1
2375,1570,36,1
2376,1570,18,1
2377,1571,2,1
2378,1572,10,1
2379,1573,45,1
2380,1574,32,1
2381,1575,10,1
2382,1576,23,2
2383,1576,37,1
2384,1577,21,2
2385,1577,35,1
2386,1577,20,1
2387,1578,46,2
2388,1578,36,1
2389,1579,7,1
2390,1579,30,1
2391,1580,45,1
2392,1581,43,2
2393,1581,38,2
2394,1582,35,1
2395,1582,28,3
2396,1583,6,1
2397,1584,19,1
2398,1585,39,3
2399,1585,23,2
2400,1586,28,3
2401,1587,34,1
2402,1588,24,1
2403,1589,27,1
2404,1590,4,1
2405,1591,50,1
2406,1592,28,1
2407,1593,47,1
2408,1593,29,1
2409,1594,27,4
2410,1594,39,3
2411,1594,22,1
2412,1595,44,4
2413,1596,49,2
2414,1597,49,1
2415,1598,34,3
2416,1598,13,2
2417,1598,24,1
2418,1599,1,1
2419,1599,2,1
2420,1600,12,1
2421,1600,47,1
2422,1601,2,3
2423,1601,21,2
2424,1602,9,1
2425,1602,10,2
2426,1603,27,3
2427,1604,10,3
2428,1605,19,2
2429,1606,29,3
2430,1606,46,4
2431,1606,10,1
2432,1607,50,3
2433,1607,25,1
2434,1607,10,1
2435,1608,14,1
2436,1609,13,1
2437,1610,9,1
2438,1611,30,1
2439,1611,50,4
2440,1612,38,1
2441,1613,22,1
2442,1614,1,1
2443,1614,31,3
2444,1615,33,3
2445,1616,3,1
2446,1617,42,1
2447,1618,27,1
2448,1618,21,1
2449,1619,23,1
2450,1620,28,1
2451,1621,21,4
2452,1621,25,1
2453,1622,22,1
2454,1623,6,1
2455,1624,41,1
2456,1624,14,1
2457,1624,28,1
2458,1625,25,3
2459,1626,14,4
2460,1626,9,1
2461,1626,25,1
2462,1627,2,2
2463,1628,38,1
2464,1629,29,1
2465,1630,17,1
2466,1631,41,1
2467,1631,15,4
2468,1632,9,1
2469,1633,25,1
2470,1633,43,3
2471,1633,24,1
2472,1634,28,1
2473,1634,23,1
2474,1634,12,1
2475,1635,10,1
2476,1635,4,1
2477,1636,33,1
2478,1636,3,1
2479,1637,14,1
2480,1638,36,2
2481,1639,1,2
2482,1639,3,1
2483,1640,46,4
2484,1641,35,1
2485,1642,18,4
2486,1643,25,1
2487,1643,16,1
2488,1643,38,2
2489,1644,43,1
2490,1644,7,1
2491,1645,2,1
2492,1646,29,1
2493,1646,35,1
2494,1647,27,1
2495,1647,7,1
2496,1648,48,1
2497,1648,39,1
2498,1649,2,2
2499,1650,2,2
2500,1650,2,2
2501,1651,26,1
2502,1652,30,4
2503,1653,28,2
2504,1653,18,1
2505,1654,44,1
2506,1654,50,1
2507,1655,47,2
2508,1655,9,4
2509,1655,37,4
2510,1656,24,1
2511,1656,26,1
2512,1657,15,1
2513,1657,10,2
2514,1658,36,1
2515,1659,25,1
2516,1660,2,1
2517,1660,43,1
2518,1661,25,1
2519,1661,9,1
2520,1661,46,1
2521,1662,45,1
2522,1663,9,3
2523,1664,48,1
2524,1665,5,1
2525,1666,17,4
2526,1667,50,1
2527,1667,46,2
2528,1667,28,1
2529,1668,25,2
2530,1668,25,1
2531,1669,5,1
2532,1669,26,2
2533,1669,25,1
2534,1670,10,1
2535,1671,38,1
2536,1672,22,1
2537,1673,14,2
2538,1673,27,1
2539,1674,3,1
2540,1675,20,1
2541,1675,24,1
2542,1676,27,3
2543,1677,9,3
2544,1678,10,3
2545,1678,25,1
2546,1679,27,2
2547,1680,13,1
2548,1681,4,2
2549,1682,28,1
2550,1682,43,1
2551,1683,32,1
2552,1683,33,2
2553,1684,40,1
2554,1684,13,4
2555,1685,8,1
2556,1686,7,1
2557,1686,35,1
2558,1687,21,1
2559,1688,27,1
2560,1688,39,1
2561,1689,42,1
2562,1690,13,2
2563,1691,48,1
2564,1691,18,1
2565,1692,50,4
2566,1692,29,1
2567,1693,29,1
2568,1693,39,3
2569,1693,25,1
2570,1694,20,2
2571,1694,31,2
2572,1695,3,1
2573,1695,41,1
2574,1696,11,1
2575,1696,6,4
2576,1697,44,1
2577,1698,9,1
2578,1698,23,1
2579,1699,2,1
2580,1699,20,1
2581,1700,28,1
2582,1701,14,1
2583,1702,38,1
2584,1703,20,1
2585,1704,41,1
2586,1705,6,2
2587,1705,26,1
2588,1706,12,1
2589,1706,25,1
2590,1706,25,3
2591,1707,27,1
2592,1707,27,1
2593,1708,48,1
2594,1708,32,1
2595,1709,2,1
2596,1710,21,1
2597,1711,5,2
2598,1712,49,3
2599,1713,45,1
2600,1714,34,2
2601,1715,36,1
2602,1716,40,3
2603,1716,38,1
2604,1717,6,1
2605,1717,7,1
2606,1717,41,4
2607,1718,2,1
2608,1718,10,1
2609,1719,48,1
2610,1720,16,1
2611,1720,17,1
2612,1721,8,1
2613,1722,25,1
2614,1722,26,1
2615,1723,16,1
2616,1723,27,1
2617,1724,37,1
2618,1724,18,1
2619,1725,28,1
2620,1726,10,3
2621,1727,27,1
2622,1728,36,1
2623,1728,27,1
2624,1729,35,1
2625,1730,36,1
2626,1730,19,2
2627,1730,42,1
2628,1731,43,1
2629,1731,48,2
2630,1732,17,2
2631,1732,7,1
2632,1732,10,4
2633,1733,33,1
2634,1734,10,1
2635,1735,39,1
2636,1736,10,1
2637,1737,33,1
2638,1737,43,1
2639,1738,43,1
2640,1739,46,4
2641,1740,27,1
2642,1741,21,3
2643,1742,39,1
2644,1743,13,2
2645,1744,12,1
2646,1744,27,1
2647,1745,5,2
2648,1745,25,2
2649,1746,34,1
2650,1747,2,1
2651,1748,28,3
2652,1749,25,2
2653,1750,2,1
2654,1751,25,2
2655,1752,19,1
2656,1753,16,4
2657,1753,28,2
2658,1754,15,1
2659,1755,41,1
2660,1756,10,2
2661,1757,25,1
2662,1758,12,1
2663,1759,39,1
2664,1760,27,2
2665,1760,36,1
2666,1761,11,1
2667,1762,35,2
2668,1763,28,1
2669,1764,11,1
2670,1765,49,1
2671,1766,50,1
2672,1766,46,1
2673,1767,23,1
2674,1767,39,2
2675,1768,25,1
2676,1768,44,2
2677,1769,31,1
2678,1770,4,1
2679,1771,21,1
2680,1772,39,1
2681,1772,42,1
2682,1772,38,1
2683,1773,28,1
2684,1773,2,1
2685,1774,38,1
2686,1775,27,3
2687,1775,48,1
2688,1776,31,1
2689,1776,31,1
2690,1776,47,1
2691,1777,32,1
2692,1778,25,1
2693,1778,45,2
2694,1779,8,1
2695,1780,28,1
2696,1780,42,1
2697,1780,42,1
2698,1781,10,3
2699,1781,37,1
2700,1782,30,1
2701,1782,12,1
2702,1782,10,1
2703,1783,37,2
2704,1783,47,2
2705,1783,44,3
2706,1784,21,1
2707,1784,10,1
2708,1785,25,2
2709,1786,12,1
2710,1787,21,3
2711,1788,18,1
2712,1789,27,3
2713,1790,27,4
2714,1791,25,1
2715,1791,11,1
2716,1791,4,1
2717,1792,28,1
2718,1792,21,1
2719,1793,18,1
2720,1794,6,1
2721,1795,22,1
2722,1796,24,1
2723,1797,10,3
2724,1797,3,2
2725,1797,46,1
2726,1798,28,1
2727,1799,22,1
2728,1799,27,1
2729,1799,13,2
2730,1800,25,1
2731,1800,27,1
2732,1801,27,1
2733,1801,31,2
2734,1801,16,1
2735,1802,12,1
2736,1802,45,1
2737,1803,19,4
2738,1804,47,1
2739,1805,34,2
2740,1806,28,1
2741,1806,6,3
2742,1807,23,1
2743,1807,10,4
2744,1808,15,1
2745,1809,43,1
2746,1810,36,4
2747,1810,42,2
2748,1810,37,2
2749,1811,14,1
2750,1811,6,1
2751,1812,1,1
2752,1813,27,2
2753,1814,34,2
2754,1814,27,3
2755,1815,48,1
2756,1816,2,1
2757,1817,11,2
2758,1818,26,2
2759,1819,3,1
2760,1819,16,1
2761,1820,8,2
2762,1821,40,1
2763,1822,45,2
2764,1822,28,1
2765,1823,5,1
2766,1824,32,1
2767,1824,26,1
2768,1825,9,1
2769,1826,28,4
2770,1827,48,1
2771,1828,2,3
2772,1829,38,1
2773,1830,39,1
2774,1831,13,1
2775,1831,9,1
2776,1831,50,1
2777,1832,32,2
2778,1833,43,4
2779,1834,23,1
2780,1834,35,1
2781,1835,2,1
2782,1836,4,1
2783,1837,4,1
2784,1838,20,1
2785,1839,42,1
2786,1840,32,1
2787,1840,39,3
2788,1841,12,1
2789,1841,2,1
2790,1842,2,1
2791,1842,23,2
2792,1842,43,3
2793,1843,27,1
2794,1844,10,1
2795,1844,38,2
2796,1845,2,1
2797,1846,48,1
2798,1846,30,4
2799,1847,14,3
2800,1848,2,2
2801,1849,45,2
2802,1850,25,1
2803,1850,35,1
2804,1850,45,1
2805,1851,42,1
2806,1852,47,1
2807,1852,13,1
2808,1853,27,1
2809,1853,2,2
2810,1854,27,1
2811,1855,30,1
2812,1856,37,2
2813,1857,44,1
2814,1858,2,2
2815,1859,6,4
2816,1859,25,1
2817,1860,14,1
2818,1861,2,1
2819,1862,3,1
2820,1862,27,3
2821,1862,38,3
2822,1863,2,3
2823,1864,26,1
2824,1865,40,1
2825,1866,8,2
2826,1866,1,4
2827,1867,34,1
2828,1867,23,2
2829,1868,21,1
2830,1868,33,1
2831,1869,20,1
2832,1870,47,1
2833,1871,10,1
2834,1872,35,1
2835,1873,3,1
2836,1873,10,1
2837,1873,38,1
2838,1874,28,1
2839,1874,44,1
2840,1875,35,1
2841,1875,10,4
2842,1876,17,1
2843,1877,28,1
2844,1878,7,1
2845,1879,10,1
2846,1880,23,1
2847,1881,18,1
2848,1881,22,1
2849,1882,14,3
2850,1883,47,1
2851,1884,32,1
2852,1884,45,4
2853,1885,34,2
2854,1885,22,1
2855,1886,25,2
2856,1886,33,1
2857,1887,33,1
2858,1888,27,2
2859,1888,48,1
2860,1888,43,2
2861,1889,9,4
2862,1890,48,1
2863,1891,10,1
2864,1892,15,1
2865,1893,41,1
2866,1894,45,1
2867,1894,22,1
2868,1894,26,1
2869,1895,29,1
2870,1895,23,2
2871,1896,46,4
2872,1897,3,1
2873,1898,6,2
2874,1899,21,1
2875,1900,22,1
2876,1901,47,1
2877,1902,40,1
2878,1902,13,1
2879,1903,27,1
2880,1903,27,1
2881,1904,26,1
2882,1904,25,1
2883,1904,9,1
2884,1905,36,1
2885,1905,23,2
2886,1905,26,1
2887,1906,24,1
2888,1907,15,4
2889,1908,20,1
2890,1909,15,1
2891,1910,17,1
2892,1911,10,1
2893,1912,12,1
2894,1913,34,1
2895,1914,10,3
2896,1914,2,1
2897,1914,40,1
2898,1915,19,2
2899,1916,23,1
2900,1917,50,1
2901,1917,40,1
2902,1918,39,1
2903,1918,22,1
2904,1918,28,1
2905,1919,45,1
2906,1920,36,3
2907,1921,47,2
2908,1922,4,2
2909,1923,40,3
2910,1924,5,1
2911,1924,44,2
2912,1925,9,1
2913,1925,25,1
2914,1926,2,1
2915,1926,42,1
2916,1927,38,1
2917,1928,50,1
2918,1928,28,3
2919,1929,41,1
2920,1930,48,2
2921,1930,22,1
2922,1931,25,4
2923,1932,28,1
2924,1932,15,1
2925,1933,16,2
2926,1934,32,2
2927,1934,31,2
2928,1935,32,4
2929,1936,15,1
2930,1937,28,1
2931,1938,10,2
2932,1939,21,2
2933,1940,48,1
2934,1941,30,1
2935,1941,42,1
2936,1942,43,1
2937,1943,27,1
2938,1944,16,1
2939,1944,10,1
2940,1945,11,1
2941,1946,45,1
2942,1947,41,1
2943,1947,5,1
2944,1948,21,1
2945,1949,36,2
2946,1950,28,4
2947,1950,27,2
2948,1950,28,1
2949,1951,32,1
2950,1951,39,2
2951,1952,48,1
2952,1952,9,1
2953,1953,11,1
2954,1954,37,1
2955,1955,14,1
2956,1956,23,2
2957,1957,17,1
2958,1957,10,1
2959,1958,27,1
2960,1959,18,2
2961,1960,26,1
2962,1961,33,1
2963,1962,25,1
2964,1962,44,3
2965,1962,25,2
2966,1963,2,1
2967,1963,14,1
2968,1964,47,1
2969,1965,33,4
2970,1966,28,1
2971,1967,38,1
2972,1968,47,1
2973,1968,10,1
2974,1969,7,1
2975,1970,17,1
2976,1970,18,2
2977,1970,17,1
2978,1971,2,1
2979,1972,32,1
2980,1972,11,2
2981,1973,28,1
2982,1974,48,1
2983,1975,22,2
2984,1976,27,1
2985,1976,35,1
2986,1977,35,2
2987,1978,32,1
2988,1978,31,1
2989,1979,10,1
2990,1980,40,1
2991,1980,14,1
2992,1980,48,3
2993,1981,7,1
2994,1982,27,1
2995,1983,44,1
2996,1983,28,1
2997,1983,20,1
2998,1984,44,1
2999,1985,46,1
3000,1985,21,1
3001,1986,20,1
3002,1987,27,3
3003,1987,10,1
3004,1988,4,2
3005,1988,13,1
3006,1989,28,2
3007,1990,48,1
3008,1991,19,1
3009,1992,36,1
3010,1993,18,2
3011,1994,10,1
3012,1995,14,1
3013,1995,2,1
3014,1996,13,1
3015,1997,2,1
3016,1998,40,1
3017,1998,9,1
3018,1999,6,2
3019,1999,23,1
3020,1999,22,1
3021,2000,27,1
3022,2001,15,3
3023,2001,28,1
3024,2001,24,2
3025,2002,33,1
3026,2003,36,2
3027,2004,48,1
3028,2004,2,1
3029,2005,17,2
3030,2006,28,1
3031,2007,10,3
3032,2007,34,1
3033,2007,4,3
3034,2008,10,4
3035,2008,3,2
3036,2009,3,1
3037,2010,27,1
3038,2010,32,1
3039,2010,46,4
3040,2011,19,1
3041,2012,11,1
3042,2013,42,1
3043,2014,25,2
3044,2014,1,3
3045,2015,48,1
3046,2015,34,1
3047,2016,6,2
3048,2017,33,1
3049,2017,36,4
3050,2018,47,1
3051,2019,15,1
3052,2020,22,1
3053,2020,37,1
3054,2020,12,1
3055,2021,25,2
3056,2022,44,1
3057,2023,29,4
3058,2023,36,1
3059,2024,50,2
3060,2024,28,1
3061,2025,2,1
3062,2026,45,4
3063,2027,37,1
3064,2027,39,1
3065,2028,48,1
3066,2028,10,1
3067,2028,28,1
3068,2029,25,1
3069,2029,11,1
3070,2029,8,2
3071,2030,24,1
3072,2031,34,1
3073,2032,10,1
3074,2032,8,1
3075,2032,36,1
3076,2033,43,1
3077,2033,7,1
3078,2034,18,3
3079,2034,1,2
3080,2035,45,1
3081,2035,42,1
3082,2036,38,1
3083,2036,27,1
3084,2037,33,2
3085,2037,27,1
3086,2038,4,4
3087,2038,21,1
3088,2039,12,4
3089,2039,48,1
3090,2040,5,1
3091,2041,41,3
3092,2042,14,1
3093,2042,5,1
3094,2043,15,1
3095,2044,24,3
3096,2045,38,1
3097,2046,18,1
3098,2047,29,4
3099,2047,10,1
3100,2048,25,1
3101,2048,41,2
3102,2049,48,1
3103,2049,10,4
3104,2050,5,1
3105,2050,41,2
3106,2050,3,2
3107,2051,28,3
3108,2051,17,2
3109,2051,10,1
3110,2052,47,1
3111,2053,5,1
3112,2054,17,1
3113,2054,10,2
3114,2054,10,1
3115,2055,9,1
3116,2056,28,4
3117,2056,2,1
3118,2056,32,3
3119,2057,42,1
3120,2058,1,1
3121,2059,27,1
3122,2059,47,2
3123,2059,17,4
3124,2060,10,1
3125,2060,2,2
3126,2061,19,2
3127,2062,17,1
3128,2062,18,1
3129,2063,15,3
3130,2064,33,2
3131,2065,19,1
3132,2066,37,1
3133,2067,6,1
3134,2067,22,1
3135,2068,28,1
3136,2068,45,1
3137,2068,21,2
3138,2069,10,3
3139,2069,4,3
3140,2069,49,1
3141,2070,30,1
3142,2071,28,1
3143,2071,45,1
3144,2072,13,1
3145,2073,29,2
3146,2073,27,2
3147,2074,17,1
3148,2075,19,4
3149,2076,40,1
3150,2077,41,1
3151,2078,42,1
3152,2078,2,3
3153,2079,2,1
3154,2080,50,1
3155,2081,26,1
3156,2082,35,2
3157,2082,27,1
3158,2083,35,2
3159,2083,18,1
3160,2084,26,1
3161,2084,41,1
3162,2085,48,1
3163,2086,2,1
3164,2087,28,4
3165,2087,9,1
3166,2088,29,4
3167,2088,9,4
3168,2089,13,1
3169,2089,5,3
3170,2090,43,2
3171,2090,12,1
3172,2091,15,1
3173,2092,28,1
3174,2092,27,1
3175,2093,48,1
3176,2093,44,2
3177,2094,18,1
3178,2095,26,4
3179,2096,27,3
3180,2097,27,2
3181,2097,10,2
3182,2098,25,1
3183,2099,44,1
3184,2100,23,1
3185,2101,21,4
3186,2102,2,1
3187,2102,27,1
3188,2102,1,1
3189,2103,12,2
3190,2103,35,2
3191,2104,19,1
3192,2104,24,1
3193,2104,42,3
3194,2105,25,2
3195,2106,10,1
3196,2106,21,1
3197,2107,10,1
3198,2107,4,1
3199,2108,24,1
3200,2108,47,2
3201,2109,36,2
3202,2109,32,1
3203,2109,43,1
3204,2110,20,1
3205,2110,26,1
3206,2111,28,1
3207,2111,29,4
3208,2111,38,3
3209,2112,17,1
3210,2112,25,1
3211,2112,15,1
3212,2113,1,1
3213,2113,49,2
3214,2114,46,4
3215,2114,11,1
3216,2115,19,1
3217,2115,11,1
3218,2116,32,1
3219,2117,4,3
3220,2118,28,3
3221,2118,19,1
3222,2119,45,1
3223,2119,28,1
3224,2120,10,1
3225,2121,49,1
3226,2122,45,2
3227,2123,27,1
3228,2124,2,4
3229,2124,20,1
3230,2125,37,1
3231,2125,5,4
3232,2125,10,3
3233,2126,21,1
3234,2127,29,1
3235,2127,47,2
3236,2128,40,1
3237,2128,34,1
3238,2128,31,4
3239,2129,21,1
3240,2130,48,1
3241,2131,28,1
3242,2131,32,1
3243,2132,39,1
3244,2133,16,4
3245,2134,2,4
3246,2134,16,1
3247,2135,22,1
3248,2136,29,1
3249,2136,27,4
3250,2137,14,1
3251,2137,9,1
3252,2138,2,1
3253,2138,42,1
3254,2139,26,1
3255,2140,2,3
3256,2140,42,1
3257,2141,13,2
3258,2142,18,1
3259,2142,47,4
3260,2142,33,1
3261,2143,26,1
3262,2144,16,1
3263,2145,28,1
3264,2145,35,1
3265,2146,6,1
3266,2147,11,4
3267,2148,4,1
3268,2149,49,2
3269,2149,2,3
3270,2149,37,2
3271,2150,31,1
3272,2150,43,1
3273,2151,40,1
3274,2152,46,4
3275,2152,2,2
3276,2153,15,1
3277,2154,10,1
3278,2155,25,1
3279,2155,2,1
3280,2155,2,1
3281,2156,25,1
3282,2156,6,2
3283,2157,28,1
3284,2158,1,2
3285,2159,24,1
3286,2159,43,1
3287,2160,45,2
3288,2160,28,1
3289,2160,2,1
3290,2161,10,1
3291,2161,1,1
3292,2162,27,3
3293,2162,46,1
3294,2163,50,1
3295,2164,3,3
3296,2165,8,1
3297,2166,23,2
3298,2167,10,3
3299,2168,37,1
3300,2169,14,1
3301,2169,34,1
3302,2170,28,2
3303,2171,7,1
3304,2172,24,1
3305,2173,15,1
3306,2173,46,1
3307,2174,25,3
3308,2175,15,3
3309,2176,28,1
3310,2177,1,1
3311,2178,3,2
3312,2179,19,4
3313,2179,35,3
3314,2180,10,2
3315,2181,15,1
3316,2182,30,2
3317,2182,14,1
3318,2183,27,1
3319,2184,46,3
3320,2185,26,4
3321,2185,48,1
3322,2186,4,2
3323,2187,25,2
3324,2188,32,1
3325,2188,35,1
3326,2189,27,2
